,City,Country,Lat,Lng,Max Temp,Humidity,Cloudiness,Wind Speed,Current Description
0,Dikson,RU,73.5069,80.5464,45.48,79,64,8.57,broken clouds
1,Vaini,TO,-21.2,-175.2,73.56,83,20,6.91,few clouds
2,Flinders,AU,-34.5833,150.8552,54.18,66,52,7.0,broken clouds
3,Airai,TL,-8.9266,125.4092,53.38,85,35,2.55,scattered clouds
4,Shingu,JP,33.7333,135.9833,74.43,87,100,4.9,overcast clouds
5,Busselton,AU,-33.65,115.3333,53.35,93,100,13.11,light rain
6,Ushuaia,AR,-54.8,-68.3,42.46,52,40,5.75,scattered clouds
7,Bredasdorp,ZA,-34.5322,20.0403,56.95,82,0,6.71,clear sky
8,East London,ZA,-33.0153,27.9116,71.73,40,10,8.59,clear sky
9,Victoria,HK,22.2855,114.1577,87.33,82,100,10.0,overcast clouds
10,Mataura,NZ,-46.1927,168.8643,51.48,83,83,6.58,broken clouds
11,Chokurdakh,RU,70.6333,147.9167,39.63,60,14,9.1,few clouds
12,Atuona,PF,-9.8,-139.0333,77.74,78,23,21.3,few clouds
13,Madison,US,34.7334,-86.5667,92.44,57,40,7.0,scattered clouds
14,Ketchikan,US,55.3422,-131.6461,57.67,88,100,11.5,overcast clouds
15,Severo-Kurilsk,RU,50.6789,156.125,53.55,96,100,1.54,overcast clouds
16,Mombetsu,JP,44.3525,143.3525,63.18,96,92,5.5,overcast clouds
17,Punta Arenas,CL,-53.15,-70.9167,37.51,70,0,11.5,clear sky
18,Port Elizabeth,ZA,-33.918,25.5701,77.09,43,1,1.99,clear sky
19,Bluff,NZ,-46.6,168.3333,51.8,68,84,20.09,broken clouds
20,Dosso,NE,13.049,3.1937,86.81,52,94,3.36,overcast clouds
21,Alice Springs,AU,-23.7,133.8833,38.75,35,0,0.0,clear sky
22,Alyangula,AU,-13.8483,136.4192,67.95,91,37,10.4,scattered clouds
23,Hilo,US,19.7297,-155.09,86.29,90,100,4.61,overcast clouds
24,Xinzhou,CN,38.4092,112.7333,69.6,41,100,1.28,overcast clouds
25,San Quintin,MX,30.4833,-115.95,73.02,70,17,7.61,few clouds
26,Mar Del Plata,AR,-38.0023,-57.5575,57.94,41,0,19.57,clear sky
27,Hithadhoo,MV,-0.6,73.0833,77.5,92,100,25.66,overcast clouds
28,Labuhan,ID,-6.8844,112.2051,78.13,84,100,11.27,light rain
29,Nioro,GM,13.35,-15.75,92.12,43,63,12.39,broken clouds
30,At-Bashi,KG,41.1702,75.8106,61.83,40,2,0.43,clear sky
31,Onega,RU,63.9061,38.1404,61.41,71,100,3.74,overcast clouds
32,Tuktoyaktuk,CA,69.4541,-133.0374,55.4,88,75,3.44,broken clouds
33,Hobart,AU,-42.8794,147.3294,39.06,80,40,13.8,scattered clouds
34,Qaanaaq,GL,77.484,-69.3632,46.29,58,70,2.93,broken clouds
35,Korla,CN,41.7597,86.1469,80.35,27,49,5.26,scattered clouds
36,Rikitea,PF,-23.1203,-134.9692,73.96,78,100,16.46,overcast clouds
37,Arraial Do Cabo,BR,-22.9661,-42.0278,84.06,54,0,10.36,clear sky
38,Chuy,UY,-33.6971,-53.4616,51.76,62,0,13.85,clear sky
39,Codrington,AU,-38.2667,141.9667,48.45,68,95,18.9,overcast clouds
40,Hermanus,ZA,-34.4187,19.2345,61.81,79,0,12.55,clear sky
41,Boa Vista,BR,2.8197,-60.6733,91.38,52,75,10.36,broken clouds
42,Souillac,MU,-20.5167,57.5167,70.21,67,53,22.41,light rain
43,Kapaa,US,22.0752,-159.319,79.12,80,100,13.8,overcast clouds
44,Puerto Ayora,EC,-0.7393,-90.3518,75.16,92,72,8.99,broken clouds
45,Port Shepstone,ZA,-30.7414,30.455,67.3,80,0,19.06,clear sky
46,Rawson,AR,-43.3002,-65.1023,49.86,46,83,20.96,broken clouds
47,Castro,BR,-24.7911,-50.0119,69.71,60,100,3.4,light rain
48,Asau,RO,46.4333,26.4,69.28,43,36,9.53,scattered clouds
49,Sungurlu,TR,40.1675,34.3739,73.08,56,45,13.31,scattered clouds
50,Narsaq,GL,60.9167,-46.05,59.22,65,7,9.04,clear sky
51,Lebu,CL,-37.6167,-73.65,50.13,86,100,9.53,overcast clouds
52,Georgetown,MY,5.4112,100.3354,84.13,84,20,0.0,few clouds
53,Riviere-Au-Renard,CA,48.9957,-64.3971,66.49,58,40,10.67,scattered clouds
54,Jamestown,US,42.097,-79.2353,80.02,70,100,7.0,overcast clouds
55,Kahului,US,20.8947,-156.47,80.62,68,20,8.01,few clouds
56,Ruteng,ID,-8.6136,120.4721,59.83,95,72,0.43,broken clouds
57,Hasaki,JP,35.7333,140.8333,77.29,92,45,10.45,light rain
58,Pevek,RU,69.7008,170.3133,30.6,96,100,33.89,snow
59,Yerofey Pavlovich,RU,53.9667,121.9667,62.28,93,42,3.74,scattered clouds
60,Albany,US,42.6001,-73.9662,89.62,48,32,1.01,scattered clouds
61,Victor Harbor,AU,-35.5667,138.6167,46.99,88,76,9.22,broken clouds
62,Poronaysk,RU,49.2167,143.1167,54.14,98,100,13.11,overcast clouds
63,Gat,IL,31.61,34.7642,81.81,100,0,8.41,clear sky
64,Camana,PE,-16.6228,-72.7111,63.7,72,48,11.27,scattered clouds
65,Keuruu,FI,62.2667,24.7,55.8,86,85,6.33,light rain
66,Churapcha,RU,62.0025,132.4325,69.17,71,42,3.89,scattered clouds
67,Provideniya,RU,64.3833,-173.3,50.52,97,100,5.23,overcast clouds
68,Iqaluit,CA,63.7506,-68.5145,47.7,93,100,3.0,overcast clouds
69,Morondava,MG,-20.2833,44.2833,74.86,66,24,11.48,few clouds
70,Karratha,AU,-20.7377,116.8463,66.24,64,1,6.15,clear sky
71,Sao Filipe,CV,14.8961,-24.4956,76.24,79,25,15.86,scattered clouds
72,Port Alfred,ZA,-33.5906,26.891,67.17,48,3,10.89,clear sky
73,Tasiilaq,GL,65.6145,-37.6368,50.16,78,91,5.99,overcast clouds
74,Novaya Igirma,RU,57.1334,103.9112,51.98,94,1,1.28,clear sky
75,Half Moon Bay,US,37.4636,-122.4286,79.88,73,75,13.8,mist
76,New Norfolk,AU,-42.7826,147.0587,38.7,78,91,5.99,overcast clouds
77,Vicente Guerrero,MX,19.1194,-98.1708,67.39,41,100,2.62,overcast clouds
78,Sola,VU,-13.8833,167.55,80.69,76,88,24.65,overcast clouds
79,Ornskoldsvik,SE,63.2909,18.7153,59.95,63,100,10.36,overcast clouds
80,Bongaree,AU,-27.0797,153.1586,60.4,67,94,8.93,overcast clouds
81,Ilave,PE,-16.0833,-69.6667,55.24,35,42,8.75,scattered clouds
82,Coihaique,CL,-45.5752,-72.0662,42.75,61,75,4.61,broken clouds
83,Gold Coast,AU,-28.0,153.4333,61.0,91,100,5.75,overcast clouds
84,Oksfjord,NO,70.2396,22.3479,54.0,88,100,4.65,overcast clouds
85,Coracora,PE,-15.0333,-73.7833,63.1,29,7,7.47,clear sky
86,Saldanha,ZA,-33.0117,17.9442,57.83,93,0,7.2,clear sky
87,Vilyuysk,RU,63.7553,121.6247,61.43,98,74,4.32,broken clouds
88,Bambous Virieux,MU,-20.3428,57.7575,69.22,65,55,23.26,broken clouds
89,Norman Wells,CA,65.282,-126.8329,65.7,69,93,2.33,overcast clouds
90,Barrow,US,71.2906,-156.7887,35.62,93,100,18.41,overcast clouds
91,Lokomotivnyy,RU,53.0118,60.5684,70.0,64,58,3.13,broken clouds
92,Cabo San Lucas,MX,22.8909,-109.9124,91.62,32,0,9.22,clear sky
93,Raudeberg,NO,61.9875,5.1352,57.87,88,79,21.77,broken clouds
94,Abu Samrah,SY,35.3029,37.1841,89.1,28,0,11.92,clear sky
95,Lumut,MY,4.2323,100.6298,79.66,81,54,2.04,broken clouds
96,Tikhvin,RU,59.6451,33.5294,61.68,63,97,4.23,overcast clouds
97,Sweetwater,US,25.7634,-80.3731,93.99,64,75,14.97,broken clouds
98,Rundu,NA,-17.9333,19.7667,61.66,29,0,6.38,clear sky
99,Indramayu,ID,-6.3264,108.32,79.16,82,100,7.58,overcast clouds
100,Nagato,JP,34.3833,131.2,77.68,79,100,8.23,overcast clouds
101,Ouadda,CF,8.0777,22.4007,69.67,95,100,3.94,light rain
102,Komatipoort,ZA,-25.4332,31.9548,60.04,71,0,5.88,clear sky
103,Wadi Musa,JO,30.3222,35.4793,76.12,39,1,10.25,clear sky
104,Spornoye,RU,50.8448,37.2913,58.51,82,100,6.24,overcast clouds
105,Dunedin,NZ,-45.8742,170.5036,51.58,73,92,11.52,overcast clouds
106,Lata,PT,40.1629,-8.3327,84.22,41,28,9.55,scattered clouds
107,Quito,EC,-0.2299,-78.5249,63.55,48,31,6.78,light rain
108,Port Blair,IN,11.6667,92.75,81.41,84,100,10.09,overcast clouds
109,Mahebourg,MU,-20.4081,57.7,69.26,65,50,23.33,scattered clouds
110,Kodiak,US,57.79,-152.4072,60.31,59,100,5.75,overcast clouds
111,Imeni Zhelyabova,RU,58.9544,36.5956,61.09,68,100,2.82,overcast clouds
112,Nouadhibou,MR,20.931,-17.0347,69.85,85,4,32.19,clear sky
113,Avarua,CK,-21.2078,-159.775,71.65,78,40,5.75,light rain
114,Abu Dhabi,AE,24.4667,54.3667,96.91,67,98,5.75,overcast clouds
115,Namibe,AO,-15.1961,12.1522,66.67,78,5,7.49,clear sky
116,Superior,US,46.7208,-92.1041,85.48,74,0,6.91,clear sky
117,Vilhena,BR,-12.7406,-60.1458,91.87,29,27,4.43,scattered clouds
118,Rocha,UY,-34.4833,-54.3333,52.68,53,1,15.46,clear sky
119,Cherskiy,RU,68.75,161.3,34.25,67,66,11.36,broken clouds
120,Fallon,US,39.4735,-118.7774,93.92,15,0,5.75,clear sky
121,Saint George,US,37.1041,-113.5841,100.63,23,0,8.99,clear sky
122,Sitka,US,57.0531,-135.33,55.29,88,100,9.22,moderate rain
123,Tazovskiy,RU,67.4667,78.7,58.55,64,99,1.5,overcast clouds
124,Kelo,TD,9.3086,15.8066,72.03,94,100,4.27,overcast clouds
125,Esperance,AU,-33.8667,121.9,54.64,78,100,12.44,moderate rain
126,Cape Town,ZA,-33.9258,18.4232,61.12,87,1,8.01,clear sky
127,Matamoros,MX,25.5333,-103.25,84.31,32,20,12.66,few clouds
128,Port Hardy,CA,50.6996,-127.4199,55.58,94,100,6.91,light intensity drizzle
129,Lompoc,US,34.6391,-120.4579,84.02,87,0,8.05,clear sky
130,Goderich,CA,43.7501,-81.7165,74.91,69,100,4.59,overcast clouds
131,Padang,ID,-0.9492,100.3543,73.45,81,86,3.27,overcast clouds
132,Corrales,US,35.2378,-106.6067,94.26,23,0,6.91,clear sky
133,Tiksi,RU,71.6872,128.8694,36.45,80,99,2.8,overcast clouds
134,Jumla,NP,29.2747,82.1838,63.99,96,64,1.14,broken clouds
135,Saskylakh,RU,71.9167,114.0833,47.71,59,88,6.55,overcast clouds
136,Birnin Kebbi,NG,12.4539,4.1975,83.34,64,99,9.64,overcast clouds
137,Orleans,US,30.0335,-89.9501,91.99,64,40,5.75,scattered clouds
138,Kashi,CN,39.4547,75.9797,83.97,20,0,5.12,clear sky
139,Port Hawkesbury,CA,45.6169,-61.3485,81.91,48,100,11.01,overcast clouds
140,Geraldton,AU,-28.7667,114.6,54.01,100,40,8.05,scattered clouds
141,Fukue,JP,32.6881,128.8419,78.3,84,100,11.54,overcast clouds
142,Anupgarh,IN,29.1911,73.2086,90.32,60,86,6.51,overcast clouds
143,Soe,ID,-9.8607,124.284,60.93,87,25,5.37,scattered clouds
144,Stornoway,GB,58.2093,-6.3865,67.03,74,40,8.05,scattered clouds
145,Baykit,RU,61.67,96.37,52.07,96,66,2.86,broken clouds
146,Kruisfontein,ZA,-34.0033,24.7314,74.88,27,1,8.03,clear sky
147,Tevriz,RU,57.509,72.4042,61.54,66,92,3.91,overcast clouds
148,Ponta Do Sol,PT,32.6667,-17.1,79.12,69,35,9.55,scattered clouds
149,Khatanga,RU,71.9667,102.5,57.87,63,100,5.75,overcast clouds
150,Bilibino,RU,68.0546,166.4372,29.37,78,39,14.56,scattered clouds
151,Naldurg,IN,17.8167,76.3,76.26,83,100,14.5,light rain
152,Balkhash,KZ,46.844,74.9804,74.89,51,1,17.87,clear sky
153,Ambilobe,MG,-13.2,49.05,72.34,55,52,5.93,broken clouds
154,Kaitangata,NZ,-46.2817,169.8464,42.55,89,89,3.71,overcast clouds
155,Namatanai,PG,-3.6667,152.4333,78.84,80,40,8.93,light rain
156,Cururupu,BR,-1.8283,-44.8683,88.68,52,43,6.42,scattered clouds
157,Carnarvon,AU,-24.8667,113.6333,67.23,80,16,11.88,few clouds
158,Savannakhet,LA,16.566,104.751,78.53,87,16,4.92,few clouds
159,Nome,US,64.5011,-165.4064,51.87,59,0,5.75,clear sky
160,Menongue,AO,-14.6585,17.691,62.85,29,1,5.95,clear sky
161,Ribeira Grande,PT,38.5167,-28.7,77.4,73,20,12.66,few clouds
162,Bintulu,MY,3.1667,113.0333,77.27,81,100,4.79,overcast clouds
163,The Valley,AI,18.217,-63.0578,87.1,77,11,19.44,few clouds
164,Mount Isa,AU,-20.7333,139.5,51.57,76,2,0.0,clear sky
165,Saint-Philippe,RE,-21.3585,55.7679,69.39,78,90,16.31,light rain
166,Luderitz,NA,-26.6481,15.1594,67.89,42,10,4.83,clear sky
167,Gilroy,US,37.0058,-121.5683,80.04,53,0,4.61,clear sky
168,Sao Joao Da Barra,BR,-21.6403,-41.0511,87.89,68,85,17.47,overcast clouds
169,South Milwaukee,US,42.9106,-87.8606,80.58,82,75,12.66,broken clouds
170,Mirabad,AF,30.4362,61.8383,100.72,6,0,7.02,clear sky
171,Agustin Codazzi,CO,10.0341,-73.2361,92.59,44,100,3.76,overcast clouds
172,Lasa,IT,46.6166,10.7002,83.7,53,18,0.36,few clouds
173,Kodinsk,RU,58.6881,99.1844,56.03,80,67,3.98,broken clouds
174,Vila,PT,42.0304,-8.1588,72.48,30,17,5.37,few clouds
175,Eskisehir,TR,39.7767,30.5206,75.11,53,20,14.97,few clouds
176,Copiapo,CL,-27.3667,-70.3333,58.69,20,0,3.71,clear sky
177,Fort Nelson,CA,58.8053,-122.7002,70.61,48,62,2.66,broken clouds
178,Itoman,JP,26.1247,127.6694,83.17,92,75,14.97,moderate rain
179,Guerrero Negro,MX,27.9769,-114.0611,74.55,60,3,9.26,clear sky
180,Dzaoudzi,YT,-12.7887,45.2699,75.09,83,75,13.8,moderate rain
181,Hegra,NO,63.4644,11.114,55.31,94,75,6.91,broken clouds
182,Tilichiki,RU,60.4667,166.1,52.18,91,76,5.75,broken clouds
183,Tocopilla,CL,-22.092,-70.1979,65.75,61,4,9.42,clear sky
184,Thaton,MM,16.9206,97.3714,79.3,88,67,3.85,broken clouds
185,Chara,RU,56.9064,118.2631,60.58,92,98,2.8,light rain
186,Jasper,US,37.2001,-94.3502,94.01,49,40,12.66,scattered clouds
187,Hualmay,PE,-11.0964,-77.6139,65.64,71,32,8.12,scattered clouds
188,Port Keats,AU,-14.25,129.55,64.69,40,36,6.44,scattered clouds
189,Bonfim,BR,3.0833,-59.95,88.45,59,63,4.54,broken clouds
190,Port Moresby,PG,-9.4431,147.1797,74.62,90,25,5.08,scattered clouds
191,Husavik,IS,66.0449,-17.3389,46.71,93,100,12.21,overcast clouds
192,Hay River,CA,60.8156,-115.7999,70.34,51,100,8.1,overcast clouds
193,Remedios,CU,22.4947,-79.5458,88.72,61,97,8.84,overcast clouds
194,Bethel,US,41.3712,-73.414,86.52,62,20,6.91,few clouds
195,Honningsvag,NO,70.9821,25.9704,51.55,82,75,8.05,broken clouds
196,Pangoa,PE,-12.1167,-73.0,86.14,47,19,3.69,few clouds
197,Isangel,VU,-19.55,169.2667,73.89,85,80,15.21,broken clouds
198,Honiara,SB,-9.4333,159.95,76.03,84,68,7.16,broken clouds
199,Oranjemund,NA,-28.55,16.4333,60.67,68,7,2.28,clear sky
200,Prince Rupert,CA,54.3161,-130.3201,55.49,88,100,2.3,overcast clouds
201,Kavaratti,IN,10.5669,72.642,82.47,77,99,18.1,overcast clouds
202,Vardo,NO,70.3705,31.1107,57.18,82,0,8.05,clear sky
203,Cidreira,BR,-30.1811,-50.2056,57.34,61,9,13.76,clear sky
204,Muros,ES,42.7762,-9.0603,85.15,77,71,1.43,broken clouds
205,Kawalu,ID,-7.3817,108.2082,72.3,98,100,2.26,overcast clouds
206,Salalah,OM,17.0151,54.0924,78.89,94,100,8.05,overcast clouds
207,Poum,NC,-20.2333,164.0167,72.79,74,40,19.86,scattered clouds
208,Atar,MR,20.5169,-13.0499,114.98,6,8,19.06,clear sky
209,Hovd,MN,48.0056,91.6419,68.9,36,83,10.07,broken clouds
210,Yinchuan,CN,38.4681,106.2731,81.93,21,100,1.77,overcast clouds
211,Valparai,IN,10.3667,76.9667,63.82,89,100,4.38,heavy intensity rain
212,Craig,US,40.5153,-107.5464,82.35,34,0,5.75,clear sky
213,Papara,BR,-3.9839,-38.7273,86.95,61,98,7.23,overcast clouds
214,Torbay,CA,47.6666,-52.7314,77.76,63,78,5.99,broken clouds
215,Sur,OM,22.5667,59.5289,87.55,61,100,9.06,overcast clouds
216,Olafsvik,IS,64.8945,-23.7142,51.21,84,66,3.4,broken clouds
217,Margate,GB,51.3813,1.3862,82.11,55,88,3.0,overcast clouds
218,Port Lincoln,AU,-34.7333,135.8667,53.78,52,99,8.97,overcast clouds
219,Coahuayana,MX,18.7333,-103.6833,88.65,56,100,0.65,overcast clouds
220,Chapais,CA,49.7834,-74.8492,75.99,35,74,8.41,broken clouds
221,Nikolskoye,RU,59.7035,30.7861,58.91,94,98,6.96,overcast clouds
222,Jalu,LY,29.0331,21.5482,96.12,16,0,13.2,clear sky
223,Evensk,RU,61.95,159.2333,51.31,98,100,3.4,moderate rain
224,Hun,LY,29.1268,15.9477,92.48,15,0,13.11,clear sky
225,Bandarbeyla,SO,9.4942,50.8122,77.31,78,16,36.13,few clouds
226,Amherst,US,41.3978,-82.2224,74.73,87,100,10.36,light rain
227,Porto Novo,BJ,6.4965,2.6036,79.54,73,59,9.75,broken clouds
228,Loviisa,FI,60.4566,26.2251,56.28,87,100,8.84,overcast clouds
229,Emerald,AU,-23.5333,148.1667,57.34,78,65,6.82,broken clouds
230,Nelson Bay,AU,-32.7167,152.15,57.99,79,0,5.01,clear sky
231,Portland,US,45.5234,-122.6762,70.0,59,75,8.05,broken clouds
232,Capitao Poco,BR,-1.7464,-47.0594,90.48,51,77,2.28,broken clouds
233,Kaohsiung,TW,22.6163,120.3133,83.03,88,40,4.61,scattered clouds
234,Bathsheba,BB,13.2167,-59.5167,88.41,75,20,25.32,few clouds
235,Beloha,MG,-25.1667,45.05,66.52,70,19,14.99,few clouds
236,Nakhon Phanom,TH,17.3333,104.4167,78.71,88,31,4.03,scattered clouds
237,Abay,KZ,49.6311,72.8539,64.78,49,50,11.03,scattered clouds
238,Zhigansk,RU,66.7697,123.3711,55.36,67,100,12.06,overcast clouds
239,Mata,PT,40.683,-7.4592,93.92,11,29,14.07,scattered clouds
240,Seydisehir,TR,37.4193,31.8453,74.53,38,0,11.52,clear sky
241,Alofi,NU,-19.0595,-169.9187,71.49,94,25,5.75,scattered clouds
242,Constitucion,CL,-35.3333,-72.4167,48.15,91,100,14.56,moderate rain
243,Lorengau,PG,-2.0226,147.2712,81.21,81,93,9.24,overcast clouds
244,Grevena,GR,40.0845,21.4274,83.41,46,83,9.95,broken clouds
245,Puri,IN,19.8,85.85,81.12,83,89,18.32,overcast clouds
246,Aqtobe,KZ,50.2797,57.2072,80.69,41,0,11.18,clear sky
247,Zheleznodorozhnyy,RU,55.7503,38.0042,68.18,71,100,3.33,overcast clouds
248,Nieuw Amsterdam,SR,5.8833,-55.0833,88.14,72,40,6.91,scattered clouds
249,Yatou,CN,37.15,122.3833,73.09,87,90,2.86,light rain
250,Okahandja,NA,-21.9833,16.9167,62.2,25,0,8.3,clear sky
251,Praia Da Vitoria,PT,38.7333,-27.0667,79.05,69,75,13.04,broken clouds
252,Abalak,RU,58.1286,68.5944,60.6,64,91,3.85,overcast clouds
253,Longyearbyen,SJ,78.2186,15.6401,49.84,76,75,3.44,broken clouds
254,Kalashnikovo,RU,57.2824,35.2262,61.48,67,83,1.77,broken clouds
255,Auki,SB,-8.7676,160.7034,76.68,87,33,4.18,scattered clouds
256,Lagoa,PT,39.05,-27.9833,70.9,88,50,10.16,scattered clouds
257,Ensenada,MX,31.8667,-116.6167,70.95,89,49,5.39,scattered clouds
258,Qena,EG,26.1615,32.7183,96.53,9,6,14.32,clear sky
259,Nishihara,JP,26.1842,127.7558,82.45,89,75,18.41,light intensity shower rain
260,Kyshtovka,RU,56.555,76.6271,54.95,81,9,8.03,clear sky
261,Sapucaia,BR,-29.8333,-51.15,57.33,68,75,16.11,broken clouds
262,Tahoua,NE,14.8888,5.2692,89.11,46,53,11.07,light rain
263,Mount Gambier,AU,-37.8333,140.7667,46.29,77,91,9.42,overcast clouds
264,Walvis Bay,NA,-22.9575,14.5053,68.68,43,14,10.13,few clouds
265,Uchkent,RU,43.1143,47.0826,86.74,36,5,4.16,clear sky
266,Armidale,AU,-30.5167,151.65,45.1,91,23,13.6,light rain
267,Megion,RU,61.0296,76.1136,59.02,63,82,11.23,broken clouds
268,Belmonte,BR,-15.8631,-38.8828,78.37,64,23,7.34,few clouds
269,Deming,US,32.2687,-107.7586,91.29,19,0,8.05,clear sky
270,Talnakh,RU,69.4865,88.3972,58.21,63,100,4.14,overcast clouds
271,Abu Zabad,SD,12.35,29.25,76.24,81,83,13.69,moderate rain
272,Paamiut,GL,61.994,-49.6678,41.81,91,100,8.14,overcast clouds
273,Chiredzi,ZW,-21.05,31.6667,64.31,61,83,4.21,broken clouds
274,Khani,GE,41.9563,42.9566,65.77,99,84,3.09,broken clouds
275,Faya,SA,18.3851,42.4509,75.31,34,84,5.86,broken clouds
276,Severo-Yeniseyskiy,RU,60.3725,93.0408,48.24,87,87,3.47,overcast clouds
277,Cotonou,BJ,6.3654,2.4183,78.64,78,62,12.15,broken clouds
278,Rurrenabaque,BO,-14.4413,-67.5278,63.66,95,100,3.13,overcast clouds
279,Bairiki,KI,1.3292,172.9752,78.8,78,75,4.61,moderate rain
280,Mogadishu,SO,2.0371,45.3438,76.53,81,26,18.54,light rain
281,Carutapera,BR,-1.195,-46.02,87.21,59,42,9.48,scattered clouds
282,Silver City,US,32.7701,-108.2803,87.76,25,40,8.05,scattered clouds
283,Yellowknife,CA,62.456,-114.3525,61.18,67,100,14.14,overcast clouds
284,Katsuura,JP,35.1333,140.3,76.77,91,24,15.5,few clouds
285,Bahia Blanca,AR,-38.7196,-62.2724,58.05,31,86,20.33,overcast clouds
286,Pochutla,MX,15.7432,-96.4661,89.82,57,100,3.02,overcast clouds
287,Navahrudak,BY,53.6,25.8333,58.01,80,46,8.63,scattered clouds
288,Chumikan,RU,54.7183,135.315,51.71,99,100,5.59,overcast clouds
289,Haflong,IN,25.1833,93.0333,74.43,99,98,1.92,overcast clouds
290,Krasnoarmeysk,RU,51.0239,45.6969,72.93,47,20,5.55,few clouds
291,Vao,NC,-22.6667,167.4833,70.07,74,94,18.95,overcast clouds
292,Kirkwall,GB,58.9848,-2.9587,60.85,88,75,2.3,broken clouds
293,Talas,TR,38.6908,35.5538,74.07,46,75,18.41,broken clouds
294,Kovdor,RU,67.5662,30.4758,60.64,77,89,4.63,moderate rain
295,Sadiqabad,PK,28.3062,70.1307,90.28,61,100,10.85,light rain
296,Mulanje,MW,-16.0316,35.5,62.4,78,98,4.43,overcast clouds
297,Ngawi,ID,-7.4038,111.4461,74.89,91,99,5.5,overcast clouds
298,Verkhnyaya Inta,RU,65.9811,60.3094,63.18,82,48,8.97,scattered clouds
299,San Patricio,US,28.017,-97.5169,94.06,39,78,10.22,broken clouds
300,Kuandian,CN,40.7286,124.7847,64.67,99,85,2.17,overcast clouds
301,Makakilo City,US,21.3469,-158.0858,77.32,72,75,13.8,broken clouds
302,Obihiro,JP,42.9172,143.2044,62.73,97,83,0.67,broken clouds
303,Avera,US,33.194,-82.5271,88.56,47,0,4.94,clear sky
304,Nemuro,JP,43.3236,145.575,62.76,100,100,12.24,overcast clouds
305,Srednekolymsk,RU,67.45,153.6833,42.19,52,0,3.96,clear sky
306,Rio Grande,BR,-32.035,-52.0986,57.31,62,3,14.34,clear sky
307,Kavieng,PG,-2.5744,150.7967,81.79,80,77,15.37,light rain
308,Guna,IN,24.65,77.3167,81.54,82,62,7.83,broken clouds
309,Palu,ID,-0.8917,119.8707,75.2,98,99,2.86,moderate rain
310,Vila Velha,BR,-20.3297,-40.2925,85.95,64,20,11.5,few clouds
311,Samarai,PG,-10.6167,150.6667,78.96,84,37,8.95,scattered clouds
312,Balabac,PH,7.9868,117.0645,81.9,76,100,8.03,overcast clouds
313,Martinsburg,US,39.4562,-77.9639,84.02,76,98,4.16,overcast clouds
314,Moen,NO,69.1304,18.6123,51.87,93,75,3.44,broken clouds
315,Marsh Harbour,BS,26.5412,-77.0636,84.09,73,77,16.96,broken clouds
316,Bafq,IR,31.6128,55.4107,92.03,8,0,7.85,clear sky
317,Tura,IN,25.5198,90.2201,76.96,91,72,5.32,broken clouds
318,Westport,US,41.1415,-73.3579,86.72,61,0,6.91,clear sky
319,Hofn,IS,64.2539,-15.2082,55.92,69,46,7.25,scattered clouds
320,Fortuna,US,40.5982,-124.1573,58.98,76,43,7.29,scattered clouds
321,Kungurtug,RU,50.5994,97.5228,52.95,64,36,2.35,scattered clouds
322,Pandan,PH,14.0453,124.1694,79.99,85,62,0.4,broken clouds
323,Kewanee,US,41.2456,-89.9248,76.48,82,100,4.45,overcast clouds
324,Te Anau,NZ,-45.4167,167.7167,50.94,89,99,9.35,moderate rain
325,Sinop,TR,41.7711,34.8709,64.9,79,0,4.72,clear sky
326,Bundi,IN,25.4417,75.6417,84.83,73,55,6.93,broken clouds
327,Pachino,IT,36.7186,15.0907,82.92,58,0,8.68,clear sky
328,Shelbyville,US,35.4834,-86.4603,90.01,55,0,9.22,clear sky
329,Hendaye,FR,43.3717,-1.7738,101.16,52,0,5.75,clear sky
330,Santa Barbara,US,34.7333,-120.0343,92.34,48,0,0.0,clear sky
331,Butaritari,KI,3.0707,172.7902,81.66,74,99,10.83,light rain
332,Del Rio,US,29.3627,-100.8968,94.23,39,0,13.8,clear sky
333,Hobyo,SO,5.3505,48.5268,77.31,77,47,31.56,scattered clouds
334,Lethem,GY,3.3803,-59.7968,88.65,59,51,3.96,broken clouds
335,Pishin,PK,30.5803,66.9961,81.55,43,34,7.14,scattered clouds
336,Tamiahua,MX,21.2667,-97.45,86.25,59,25,6.53,scattered clouds
337,Kailua,US,21.4022,-157.7394,78.78,81,100,8.05,overcast clouds
338,Zorritos,PE,-3.6805,-80.6782,73.69,71,19,11.12,few clouds
339,Upernavik,GL,72.7868,-56.1549,41.14,86,61,14.32,broken clouds
340,Boyolangu,ID,-8.1181,111.8935,72.88,91,87,2.37,overcast clouds
341,Georgiyevka,KZ,43.0369,74.7114,80.64,28,0,13.42,clear sky
342,Mbandaka,CD,0.0487,18.2603,71.28,95,85,2.35,moderate rain
343,Anadyr,RU,64.75,177.4833,45.1,56,0,24.61,clear sky
344,Mana,GF,5.6592,-53.7767,82.87,72,66,7.07,broken clouds
345,Bowen,AU,-20.0167,148.2333,61.32,88,0,8.43,clear sky
346,Sao Gabriel Da Cachoeira,BR,-0.1303,-67.0892,92.59,44,25,6.04,scattered clouds
347,Canto Do Buriti,BR,-8.11,-42.9444,94.03,21,20,9.82,few clouds
348,Leh,IN,34.1667,77.5833,65.39,48,93,4.38,overcast clouds
349,San Andres,CO,12.5847,-81.7006,86.02,74,40,17.27,scattered clouds
350,Saint-Pierre,RE,-21.3393,55.4781,69.48,69,40,19.57,scattered clouds
351,Lavrentiya,RU,65.5833,-171.0,46.44,94,100,9.66,overcast clouds
352,Senno,RU,59.5336,33.9167,61.39,64,97,4.43,overcast clouds
353,Kalininsk,RU,51.5,44.4758,72.75,59,25,5.95,scattered clouds
354,Saurimo,AO,-9.6608,20.3916,72.91,29,4,5.28,clear sky
355,Gori,GE,41.9842,44.1158,69.46,85,1,10.25,clear sky
356,Gushikawa,JP,26.3544,127.8686,82.4,89,100,10.36,light intensity shower rain
357,Charlottesville,US,38.0293,-78.4767,90.01,76,0,4.61,clear sky
358,Mastic Beach,US,40.7668,-72.8521,83.98,74,75,10.36,broken clouds
359,Pisco,PE,-13.7,-76.2167,65.01,72,1,9.22,haze
360,Eyl,SO,7.9803,49.8164,78.55,71,61,31.43,broken clouds
361,Ayame,CI,5.6083,-3.1563,77.56,74,90,8.16,overcast clouds
362,Clyde River,CA,70.4692,-68.5914,35.83,87,100,13.8,overcast clouds
363,Tabas,IR,33.5959,56.9244,95.77,7,0,11.21,clear sky
364,Basco,PH,20.4487,121.9702,84.76,80,78,12.91,broken clouds
365,Fayaoue,NC,-20.65,166.5333,73.08,78,100,17.69,overcast clouds
366,Oswego,US,43.4501,-76.1497,89.91,52,89,3.0,overcast clouds
367,Bereda,ES,43.2686,-7.5406,89.42,59,47,7.58,scattered clouds
368,Kurtamysh,RU,54.9103,64.4319,65.53,96,77,6.49,light rain
369,Yanam,IN,16.7333,82.2167,77.04,93,100,4.41,overcast clouds
370,Ewa Beach,US,21.3156,-158.0072,78.75,72,75,13.8,broken clouds
371,Tabuk,PH,17.4189,121.4443,74.34,94,71,2.71,broken clouds
372,Aklavik,CA,68.2191,-135.0107,57.2,100,40,2.3,scattered clouds
373,Atbasar,KZ,51.8,68.3333,73.13,58,78,8.43,broken clouds
374,Kaberamaido,UG,1.7389,33.1594,75.97,56,63,5.61,broken clouds
375,Lingao,CN,19.9103,109.6859,83.68,83,95,3.98,overcast clouds
376,Romny,UA,50.751,33.4747,58.71,88,33,8.05,light rain
377,Nikolayevsk-Na-Amure,RU,53.1406,140.73,56.97,80,100,3.85,overcast clouds
378,Novo Aripuana,BR,-5.1206,-60.3797,96.6,36,70,5.03,broken clouds
379,Mildura,AU,-34.2,142.15,46.85,71,72,9.98,broken clouds
380,Labrea,BR,-7.2586,-64.7981,95.79,39,3,4.43,clear sky
381,Cuamba,MZ,-14.8031,36.5372,66.52,65,56,5.93,broken clouds
382,Varnavino,RU,57.4035,45.0916,61.74,87,80,1.9,broken clouds
383,Marktoberdorf,DE,47.7833,10.6167,79.83,25,6,6.91,clear sky
384,Boguchany,RU,58.3814,97.4531,58.8,69,78,5.73,broken clouds
385,Brewster,US,41.3973,-73.6171,87.71,63,20,6.91,few clouds
386,Juba,SS,4.8517,31.5825,77.72,70,57,3.4,light rain
387,Skjervoy,NO,70.0311,20.9714,51.8,85,100,3.74,light rain
388,Shimoda,JP,34.6667,138.95,73.11,92,51,12.33,broken clouds
389,Talara,PE,-4.5772,-81.2719,72.36,64,0,16.11,clear sky
390,Cockburn Town,TC,21.4612,-71.1419,82.67,78,3,21.72,clear sky
391,Ayr,GB,55.4627,-4.6339,75.18,41,0,12.66,clear sky
392,Kutum,SD,14.2,24.6667,86.2,34,70,7.38,broken clouds
393,Chabahar,IR,25.2919,60.643,87.13,74,100,3.24,light rain
394,Mananara,MG,-16.1667,49.7667,67.66,91,55,9.35,light rain
395,Mayo,US,38.8876,-76.5119,87.67,78,0,8.05,clear sky
396,Grand Gaube,MU,-20.0064,57.6608,70.2,67,45,7.0,light rain
397,Tarsus,TR,36.9188,34.8784,86.38,65,0,6.69,clear sky
398,Nizwa,OM,22.9333,57.5333,87.39,56,100,0.92,overcast clouds
399,Urucara,BR,-2.5364,-57.76,94.01,40,62,6.26,broken clouds
400,Shimanovsk,RU,52.0,127.7,65.28,97,95,2.15,light rain
401,Coronel,CL,-37.0167,-73.1333,51.82,92,100,11.07,overcast clouds
402,Sakata,JP,38.9167,139.855,72.48,92,25,6.73,moderate rain
403,Qunduz,AF,36.729,68.857,92.95,11,0,3.33,clear sky
404,Nantucket,US,41.2835,-70.0995,82.51,88,100,10.36,overcast clouds
405,Sai Buri,TH,6.7013,101.6168,79.66,85,82,1.23,broken clouds
406,Sangolqui,EC,-0.3341,-78.4522,68.49,53,42,7.16,light rain
407,Tosu,JP,33.3667,130.5167,78.62,80,100,4.34,overcast clouds
408,Kloulklubed,PW,7.0419,134.2556,75.7,75,100,8.16,overcast clouds
409,Celestun,MX,20.8667,-90.4,87.64,57,29,6.31,scattered clouds
410,Pacific Grove,US,36.6177,-121.9166,69.82,90,75,8.05,broken clouds
411,Ballina,AU,-28.8667,153.5667,57.78,72,39,10.04,scattered clouds
412,Ugoofaaru,MV,5.6667,73.0,81.1,79,100,18.39,overcast clouds
413,Jackson,US,42.4165,-122.8345,75.7,63,0,3.44,clear sky
414,Melipilla,CL,-33.7,-71.2167,50.81,81,100,0.47,overcast clouds
415,Faanui,PF,-16.4833,-151.75,76.08,74,63,18.86,light rain
416,Plouzane,FR,48.3833,-4.6167,93.52,28,0,5.75,clear sky
417,Kulhudhuffushi,MV,6.6221,73.07,81.55,78,77,17.63,broken clouds
418,Nueve De Julio,AR,-35.4444,-60.8831,58.8,26,1,17.65,clear sky
419,Zermatt,CH,46.0213,7.7491,79.14,46,20,4.61,few clouds
420,Warmbad,NA,-28.45,18.7333,69.42,22,9,9.78,clear sky
421,Naze,JP,28.3667,129.4833,79.72,84,100,16.04,overcast clouds
422,Novopokrovka,UA,49.8425,36.5477,62.6,74,76,3.56,broken clouds
423,Qaqortoq,GL,60.7167,-46.0333,46.63,75,8,10.02,clear sky
424,Waw,SS,7.7029,27.9953,76.14,76,51,5.26,broken clouds
425,Sangar,RU,63.9242,127.4739,66.02,97,99,4.45,moderate rain
426,Bull Savanna,JM,17.8868,-77.5902,87.28,56,3,19.75,clear sky
427,Gorgan,IR,36.8387,54.4348,80.56,69,0,9.22,clear sky
428,Mindelo,CV,16.8901,-24.9804,81.95,57,20,13.8,few clouds
429,Caconda,AO,-13.7333,15.0667,64.71,29,20,3.85,few clouds
430,Mendoza,AR,-32.8908,-68.8272,47.73,57,0,5.75,clear sky
431,Imeni Poliny Osipenko,RU,52.4201,136.4853,56.97,94,74,5.84,broken clouds
432,Touros,BR,-5.1989,-35.4608,81.68,70,66,17.94,broken clouds
433,Povenets,RU,62.8487,34.8262,61.83,61,94,6.93,overcast clouds
434,Ust-Omchug,RU,61.15,149.6333,59.94,92,60,3.04,light rain
435,Wuhu,CN,31.3366,118.3755,77.13,90,100,8.81,overcast clouds
436,Yambio,SS,4.5721,28.3955,70.41,93,81,3.15,moderate rain
437,Vila Franca Do Campo,PT,37.7167,-25.4333,72.01,69,50,6.06,scattered clouds
438,Yulara,AU,-25.2406,130.9889,51.73,21,19,8.99,few clouds
439,Mujiayingzi,CN,42.1167,118.7833,63.64,82,0,2.42,clear sky
440,Leningradskiy,RU,69.3833,178.4167,30.92,81,66,21.36,broken clouds
441,Pyryatyn,UA,50.2445,32.5107,59.74,68,38,6.35,scattered clouds
442,Kristiansund,NO,63.1115,7.732,59.05,94,75,12.66,broken clouds
443,Bismil,TR,37.8486,40.6658,96.53,12,0,3.0,clear sky
444,Bam,IR,29.106,58.357,94.06,7,1,9.4,clear sky
445,High Rock,BS,26.6208,-78.2833,86.02,73,77,18.21,broken clouds
446,Xinmin,CN,41.9908,122.8253,67.33,92,41,6.04,scattered clouds
447,Genhe,CN,50.7833,121.5167,59.58,96,98,1.1,overcast clouds
448,Havre-Saint-Pierre,CA,50.2334,-63.5986,68.36,68,0,17.27,clear sky
449,Tuy Hoa,VN,13.0833,109.3,80.01,83,100,6.22,overcast clouds
450,Calama,CL,-22.4667,-68.9333,70.29,2,0,3.44,clear sky
451,Dukat,RU,62.55,155.55,51.22,93,100,6.31,moderate rain
452,Saint-Augustin,CA,51.226,-58.6502,67.59,68,100,15.77,overcast clouds
453,Haines Junction,CA,60.7522,-137.5108,58.95,55,100,10.36,overcast clouds
454,Thompson,CA,55.7435,-97.8558,77.16,61,40,4.61,scattered clouds
455,Kumluca,TR,36.3703,30.2869,87.69,46,0,5.37,clear sky
456,Kirakira,SB,-10.4544,161.9205,79.5,82,20,10.85,few clouds
457,Neuquen,AR,-38.9516,-68.0591,55.29,41,0,10.36,clear sky
458,Bengkulu,ID,-3.8004,102.2655,76.87,90,71,3.2,broken clouds
459,Batagay,RU,67.6333,134.6333,52.93,73,97,1.3,overcast clouds
460,Chifeng,CN,42.2683,118.9636,64.67,77,0,3.15,clear sky
461,Banda Aceh,ID,5.5577,95.3222,80.06,81,81,4.56,broken clouds
462,Bangui,CF,4.3612,18.555,72.91,94,82,3.58,light rain
463,Kochevo,RU,59.5994,54.3125,62.8,72,29,3.38,scattered clouds
464,Itarema,BR,-2.9248,-39.9167,85.01,63,46,16.4,scattered clouds
465,College,US,64.8569,-147.8028,59.07,79,100,4.61,light rain
466,Hambantota,LK,6.1241,81.1185,80.85,78,100,16.67,overcast clouds
467,Abnub,EG,27.2696,31.1511,91.62,17,2,11.05,clear sky
468,Porto Nacional,BR,-10.7081,-48.4172,91.4,20,21,6.87,few clouds
469,Caborca,MX,30.5838,-111.101,86.5,45,62,4.03,broken clouds
470,Batagay-Alyta,RU,67.8006,130.4114,48.92,82,100,0.85,overcast clouds
471,Gobabis,NA,-22.45,18.9667,57.15,32,0,11.39,clear sky
472,Kamien Pomorski,PL,53.9685,14.7726,68.36,63,57,11.5,broken clouds
473,Purranque,CL,-40.9167,-73.1667,44.28,96,99,4.52,overcast clouds
474,Bacungan,PH,9.9106,118.7022,79.2,84,100,5.1,overcast clouds
475,Yumen,CN,40.2833,97.2,77.61,35,98,11.56,overcast clouds
476,Kilindoni,TZ,-7.9139,39.6668,76.5,75,62,19.04,broken clouds
477,Vanavara,RU,60.34,102.2797,52.38,89,72,3.38,broken clouds
478,Port Said,EG,31.2565,32.2841,82.38,78,0,10.36,clear sky
479,Mahibadhoo,MV,3.7833,72.9667,82.18,80,99,16.84,light rain
480,Whitehorse,CA,60.7161,-135.0538,53.02,87,75,17.27,broken clouds
481,Turbat,PK,26.0023,63.044,94.95,49,97,3.24,light rain
482,Harper,LR,4.375,-7.7169,76.77,77,100,11.03,overcast clouds
483,Tateyama,JP,34.9833,139.8667,76.1,90,35,16.17,scattered clouds
484,Sabang,ID,5.8933,95.3214,82.65,74,74,5.97,broken clouds
485,Orkney,ZA,-26.9802,26.6727,57.02,27,0,2.39,clear sky
486,Trat,TH,12.5,102.5,82.9,90,100,2.13,overcast clouds
487,Buraydah,SA,26.326,43.975,99.05,9,77,8.48,broken clouds
488,Petropavlovsk-Kamchatskiy,RU,53.0452,158.6483,52.39,100,100,4.47,fog
489,Slave Lake,CA,55.2834,-114.769,66.18,68,75,5.75,broken clouds
490,Seydi,TM,39.4816,62.9137,95.68,11,0,12.01,clear sky
491,Vestmanna,FO,62.1564,-7.1664,49.12,93,100,10.36,overcast clouds
492,Quatre Cocos,MU,-20.2078,57.7625,69.91,65,57,23.26,broken clouds
493,Lusambo,CD,-4.9667,23.45,83.8,34,53,2.37,broken clouds
494,Phayakkhaphum Phisai,TH,15.5163,103.1937,82.42,79,66,6.76,broken clouds
495,Nanortalik,GL,60.1432,-45.2371,43.81,80,59,12.21,broken clouds
496,Bristol,US,41.8334,-71.1662,91.22,63,40,7.0,scattered clouds
497,Russell,US,32.3502,-85.1999,92.91,58,20,3.44,few clouds
498,Ahipara,NZ,-35.1667,173.1667,48.13,84,91,5.28,overcast clouds
499,Dicabisagan,PH,17.0818,122.4157,79.48,88,48,2.89,scattered clouds
500,Port Macquarie,AU,-31.4333,152.9167,54.9,79,39,6.51,scattered clouds
501,Mitsamiouli,KM,-11.3847,43.2844,77.29,69,20,13.8,few clouds
502,Pervomayskoye,RU,43.919,46.7102,88.99,24,0,6.96,clear sky
503,Gunjur,GM,13.2019,-16.7339,81.34,74,82,13.69,broken clouds
504,Gomel,BY,52.4345,30.9754,57.83,94,75,2.24,light rain
505,Dingle,PH,10.9995,122.6711,75.11,94,100,2.82,overcast clouds
506,Mandalgovi,MN,45.7625,106.2708,68.9,32,90,8.59,overcast clouds
507,La Ronge,CA,55.1001,-105.2842,77.22,46,75,8.05,broken clouds
508,Bonthe,SL,7.5264,-12.505,76.95,90,92,9.91,moderate rain
509,Seoul,KR,37.5683,126.9778,74.77,88,20,4.61,few clouds
510,Meulaboh,ID,4.1363,96.1285,78.17,85,69,2.33,broken clouds
511,Xudat,AZ,41.631,48.681,81.1,52,0,4.36,clear sky
512,Batemans Bay,AU,-35.7167,150.1833,52.11,67,61,7.31,broken clouds
513,Otradnoye,RU,59.7775,30.8181,59.09,93,97,7.18,overcast clouds
514,Domoni,KM,-12.2569,44.5319,75.6,76,64,8.3,broken clouds
515,Bogorodskoye,RU,56.55,37.8833,61.3,70,100,2.1,overcast clouds
516,Coquimbo,CL,-29.9533,-71.3436,56.93,62,0,11.5,clear sky
517,Markova,UA,48.6758,24.4138,60.8,53,92,8.01,overcast clouds
518,Sechura,PE,-5.5569,-80.8222,73.94,58,4,10.8,clear sky
519,Itumba,TZ,-9.4,33.1833,54.37,93,31,5.48,scattered clouds
520,Xining,CN,36.6167,101.7667,53.22,91,100,1.01,overcast clouds
521,Vitim,RU,59.4511,112.5578,56.71,73,100,3.0,overcast clouds
522,San Cristobal,VE,7.7669,-72.225,80.78,63,86,6.55,overcast clouds
523,Riyadh,SA,24.6877,46.7219,100.54,11,97,7.05,overcast clouds
524,Bani Walid,LY,31.7566,13.9942,89.51,27,0,20.62,clear sky
525,Belfast,GB,54.5833,-5.9333,75.79,56,99,9.22,overcast clouds
526,San Francisco Del Mar,MX,16.2333,-94.65,86.18,62,99,10.85,overcast clouds
527,Wanaka,NZ,-44.7,169.15,42.12,97,100,1.99,overcast clouds
528,Nabire,ID,-3.3667,135.4833,74.26,96,100,2.21,overcast clouds
529,Iguape,BR,-24.7081,-47.5553,68.05,74,99,9.62,overcast clouds
530,Tabou,CI,4.423,-7.3528,76.87,78,99,11.32,overcast clouds
531,Amapa,BR,1.0,-52.0,90.82,46,27,4.38,scattered clouds
532,Thiers,FR,45.8333,3.5,86.32,24,72,6.96,broken clouds
533,Puerto Madero,MX,14.7208,-92.4215,88.0,70,40,0.0,scattered clouds
534,Byron Bay,AU,-28.65,153.6167,57.7,75,36,10.56,scattered clouds
535,Primo Tapia,MX,32.22,-116.9172,72.99,70,88,4.85,overcast clouds
536,Kismayo,SO,-0.3582,42.5454,76.08,80,8,18.86,clear sky
537,Altay,CN,47.8667,88.1167,67.17,48,37,5.06,scattered clouds
538,Ayia Galini,GR,35.1,24.6833,87.75,33,0,8.99,clear sky
539,Peru,US,40.7537,-86.0689,76.6,89,100,3.44,overcast clouds
540,Kingaroy,AU,-26.5333,151.8333,52.43,85,99,2.95,overcast clouds
541,Huanuni,BO,-18.2667,-66.85,50.49,35,45,15.1,scattered clouds
542,Laguna,US,38.421,-121.4238,96.94,46,0,8.05,clear sky
543,Saint-Francois,FR,46.4154,3.9054,89.04,25,0,6.91,clear sky
544,Tezu,IN,27.9167,96.1667,77.63,98,68,2.59,broken clouds
545,Alihe,CN,50.5667,123.7167,64.94,97,98,1.05,overcast clouds
546,Edson,CA,53.5835,-116.4356,62.74,77,0,4.61,clear sky
547,Yang Talat,TH,16.3998,103.3679,86.97,83,61,7.34,broken clouds
548,Mecca,SA,21.4267,39.8261,91.08,27,85,8.66,overcast clouds
549,Murindo,CO,6.9848,-76.7544,88.36,63,92,2.8,overcast clouds
550,Angoche,MZ,-16.2325,39.9086,70.52,84,28,5.35,light rain
551,Kendallville,US,41.4414,-85.265,74.98,90,75,6.91,broken clouds
552,Ouesso,CG,1.6136,16.0517,74.41,92,86,2.48,light rain
553,Tulle,FR,45.3333,1.8333,87.98,21,93,7.58,overcast clouds
554,Avanigadda,IN,16.0215,80.9181,79.86,85,100,4.94,light rain
555,Brokopondo,SR,4.75,-55.1667,84.85,65,25,5.48,scattered clouds
556,Taltal,CL,-25.4,-70.4833,63.57,54,0,5.44,clear sky
557,Ponta Delgada,PT,37.7333,-25.6667,72.32,83,75,14.97,broken clouds
558,Roald,NO,62.5833,6.1333,60.91,82,75,21.85,broken clouds
559,Adrar,MR,20.5022,-10.0711,111.52,7,10,13.31,clear sky
560,Rypefjord,NO,70.6333,23.6667,48.67,100,75,11.5,broken clouds
561,Nalut,LY,30.3333,10.85,97.38,11,0,7.99,clear sky
562,Saijo,JP,33.9167,133.1833,77.16,78,100,5.95,light rain
563,Cabedelo,BR,-6.9811,-34.8339,77.67,80,43,18.97,scattered clouds
564,Lumajang,ID,-8.1335,113.2248,73.38,86,23,1.54,few clouds
565,Aswan,EG,24.0934,32.907,101.5,10,0,12.66,clear sky
566,Gazojak,TM,41.1875,61.4036,98.35,11,0,15.5,clear sky
567,Broome,US,42.2506,-75.833,88.02,53,0,6.91,clear sky
568,Awbari,LY,26.5921,12.7805,95.88,12,1,13.33,clear sky
569,Palana,RU,59.1167,159.9667,51.24,83,69,18.25,broken clouds
570,Chipiona,ES,36.7366,-6.437,92.3,69,0,11.5,clear sky
571,Alexandria,EG,31.2156,29.9553,80.56,69,0,11.5,clear sky
572,Ancud,CL,-41.8697,-73.8203,44.22,86,65,18.39,moderate rain
573,Gua Musang,MY,4.8823,101.9644,76.84,92,90,1.43,overcast clouds
574,Amurzet,RU,47.6967,131.0981,59.43,97,96,5.95,overcast clouds
575,Kuchinarai,TH,16.541,104.05,80.73,83,62,5.53,broken clouds
576,Dudinka,RU,69.4058,86.1778,58.62,68,89,3.06,overcast clouds
577,Vestmannaeyjar,IS,63.4427,-20.2734,52.79,87,20,16.11,few clouds
578,Argostolion,GR,38.1811,20.489,91.47,40,0,11.5,clear sky
579,Monster,NL,52.0258,4.175,80.98,50,100,6.91,overcast clouds
580,Riverton,US,40.5219,-111.9391,98.51,29,0,13.8,clear sky
581,Kaeo,NZ,-35.1,173.7833,47.32,95,88,4.03,overcast clouds
582,Klaksvik,FO,62.2266,-6.589,50.92,84,78,24.05,broken clouds
583,Pointe Michel,DM,15.25,-61.3833,88.74,58,75,8.05,broken clouds
584,Fairbanks,US,64.8378,-147.7164,59.09,79,75,4.61,light rain
585,Broken Hill,AU,-31.95,141.4333,42.93,92,5,8.28,clear sky
586,Taoudenni,ML,22.6783,-3.9836,113.23,9,70,11.3,broken clouds
587,Bonavista,CA,48.6499,-53.1147,64.85,65,9,17.58,clear sky
588,Uyemskiy,RU,64.4743,40.8524,69.85,52,20,2.24,few clouds
589,Ndele,CF,8.4109,20.6473,70.79,97,100,4.36,overcast clouds
590,Weihe,CN,32.9952,105.3247,69.33,56,100,5.37,overcast clouds
591,Mehriz,IR,31.5917,54.4318,88.3,10,0,8.32,clear sky
592,Abilene,US,32.4487,-99.7331,98.28,27,0,6.91,clear sky
593,Jaru,BR,-10.4389,-62.4664,97.29,29,5,5.35,clear sky
594,Svetlyy,RU,54.675,20.1347,64.96,72,84,11.54,broken clouds
595,Talcahuano,CL,-36.7167,-73.1167,51.48,93,100,9.22,moderate rain
596,Gannan,CN,47.9147,123.5031,65.3,96,100,5.41,overcast clouds
597,Saint-Joseph,RE,-21.3667,55.6167,68.38,77,65,17.09,light rain
598,Mao,ES,39.8885,4.2658,88.36,48,0,5.75,clear sky
599,Ostrovnoy,RU,68.0531,39.5131,63.14,62,43,13.76,scattered clouds
600,San Carlos De Bariloche,AR,-41.1456,-71.3082,38.95,81,75,13.8,broken clouds
601,Onguday,RU,50.75,86.15,58.96,94,99,4.23,overcast clouds
602,Kalianget,ID,-7.05,113.9333,79.25,80,36,10.13,scattered clouds
603,Mabaruma,GY,8.2,-59.7833,83.75,78,34,4.81,scattered clouds
604,Puerto Escondido,MX,15.85,-97.0667,86.83,62,100,4.61,overcast clouds
605,Puerto Narino,CO,-3.7703,-70.3831,86.02,71,49,5.84,scattered clouds
606,Thinadhoo,MV,0.5333,72.9333,78.44,89,100,25.08,overcast clouds
607,The Pas,CA,53.8251,-101.2541,78.82,65,0,8.05,clear sky
608,Tremedal,BR,-14.9758,-41.4108,85.05,27,4,10.6,clear sky
609,Klyuchi,RU,52.2667,79.1667,64.0,58,2,15.37,clear sky
610,Tofield,CA,53.3668,-112.6686,69.28,72,100,2.75,overcast clouds
611,Tracy,US,37.7397,-121.4252,89.58,39,1,1.99,clear sky
612,Rorvik,NO,64.8621,11.2373,57.18,94,75,18.41,broken clouds
613,Maniitsoq,GL,65.4167,-52.9,42.64,93,100,15.17,moderate rain
614,Dindori,IN,22.95,81.0833,77.4,83,11,7.07,few clouds
615,Asfi,MA,32.2994,-9.2372,73.56,76,19,16.46,few clouds
616,Somerton,US,32.5964,-114.7097,104.0,38,0,13.8,clear sky
617,Pailon,BO,-17.65,-62.75,62.28,38,100,6.64,light rain
618,Mackay,AU,-21.15,149.2,61.68,91,8,9.24,clear sky
619,Chulman,RU,56.8479,124.9104,62.15,91,20,2.3,light rain
620,Matara,LK,5.9485,80.5353,79.16,86,100,9.33,overcast clouds
621,Vostok,RU,46.4856,135.8833,54.21,95,87,3.02,overcast clouds
622,Singaraja,ID,-8.112,115.0882,77.85,85,27,1.23,scattered clouds
623,Wajir,KE,1.7471,40.0573,79.59,47,53,17.18,broken clouds
624,Egvekinot,RU,66.3167,-179.1667,38.23,49,88,15.79,overcast clouds
625,Oistins,BB,13.0667,-59.5333,87.89,62,20,25.32,few clouds
626,Juneau,US,58.3019,-134.4197,55.22,98,100,13.8,moderate rain
627,Aksu,CN,41.1231,80.2644,80.6,27,0,8.14,clear sky
628,Kinshasa,CD,-4.3246,15.3215,87.31,37,15,4.45,few clouds
629,Ayia Trias,GR,38.35,22.9167,86.13,42,0,7.23,clear sky
630,Abbeville,FR,50.1,1.8333,85.48,16,72,8.55,broken clouds
631,Popondetta,PG,-8.7537,148.2534,72.77,87,44,2.95,scattered clouds
632,Voyvozh,RU,62.892,54.9635,64.29,59,5,2.35,clear sky
633,Ca Mau,VN,9.1769,105.15,78.4,90,69,3.89,broken clouds
634,Sisimiut,GL,66.9395,-53.6735,45.86,79,96,4.59,overcast clouds
635,Itupiranga,BR,-5.1347,-49.3267,98.92,29,26,4.18,scattered clouds
636,Syracuse,IT,37.0881,15.2792,87.39,58,0,6.46,clear sky
637,Pimentel,PE,-6.8367,-79.9342,70.09,60,0,13.8,clear sky
638,Port Augusta,AU,-32.5,137.7667,48.79,85,56,6.33,broken clouds
639,Sitrah,BH,26.1547,50.6206,98.82,66,9,6.91,clear sky
640,Flic En Flac,MU,-20.2742,57.3631,70.36,68,14,21.39,few clouds
641,Farrukhnagar,IN,17.0778,78.2011,73.11,91,100,15.17,overcast clouds
642,Ayotzintepec,MX,17.6667,-96.1333,85.59,58,100,3.91,overcast clouds
643,Saint-Georges,GD,12.0564,-61.7485,85.68,74,40,24.16,scattered clouds
644,Kitami,JP,43.8031,143.8908,65.37,98,89,6.13,overcast clouds
645,Susono,JP,35.2184,138.8817,69.19,95,88,2.3,overcast clouds
646,Libertador General San Martin,AR,-23.8064,-64.7876,63.97,33,0,4.41,clear sky
647,Iracoubo,GF,5.4802,-53.2011,82.24,72,81,6.53,broken clouds
648,Bamiantong,CN,44.9333,130.5333,62.92,96,100,2.98,overcast clouds
649,Luxor,EG,25.6989,32.6421,95.05,21,0,10.36,clear sky
650,Buzmeyin,TM,38.0507,58.2056,91.13,19,0,4.61,clear sky
651,Kaoma,ZM,-14.7833,24.8,59.97,37,3,6.29,clear sky
652,Rabo De Peixe,PT,37.8,-25.5833,71.11,83,75,14.97,broken clouds
653,Lakeway,US,30.3638,-97.9796,99.81,28,0,9.22,clear sky
654,Esso,RU,55.9333,158.7,55.58,86,40,5.41,scattered clouds
655,Nara,JP,34.6851,135.8049,80.49,58,72,3.51,light rain
656,Schruns,AT,47.0709,9.9475,80.42,46,1,6.49,clear sky
657,Obo,CF,5.3998,26.4869,77.61,66,96,2.33,overcast clouds
658,Yei,SS,4.095,30.6779,68.14,94,86,1.23,light rain
659,Waipawa,NZ,-41.4122,175.5153,50.77,73,95,20.29,overcast clouds
660,Topeka,US,39.0483,-95.678,88.11,74,75,11.5,broken clouds
661,Beringovskiy,RU,63.05,179.3167,53.02,68,71,30.38,broken clouds
662,Gravdal,NO,68.1214,13.5031,51.69,82,75,6.91,broken clouds
663,Khorramshahr,IR,30.4397,48.1664,105.75,16,0,4.61,clear sky
664,Severodvinsk,RU,64.5635,39.8302,69.91,71,97,4.25,light rain
665,Ankazobe,MG,-18.3167,47.1167,53.06,75,12,10.51,few clouds
666,Dalen,NL,52.6992,6.7556,78.01,52,97,4.0,overcast clouds
667,Westerland,DE,54.9079,8.3033,64.42,77,0,13.8,clear sky
668,Benicarlo,ES,40.4165,0.4271,93.9,51,0,6.93,clear sky
669,Dickinson,US,29.4608,-95.0513,97.02,58,20,4.0,few clouds
670,Isiro,CD,2.7739,27.616,71.11,89,52,1.1,light rain
671,Motegi,JP,36.5167,140.1833,74.26,96,64,2.73,broken clouds
672,Sioux Lookout,CA,50.1001,-91.917,82.47,51,40,11.5,scattered clouds
673,Farah,AF,32.5,62.5,94.75,8,3,3.31,clear sky
674,Marfino,RU,55.7028,37.3822,67.91,55,0,6.71,clear sky
675,Ostersund,SE,63.1792,14.6357,54.05,87,100,8.05,overcast clouds
676,Lat Yao,TH,15.751,99.7893,82.81,71,43,5.35,scattered clouds
677,Abu Kamal,SY,34.4506,40.9171,97.34,13,0,7.99,clear sky
678,Nouakchott,MR,18.0858,-15.9785,80.53,77,22,17.29,few clouds
679,Vikhorevka,RU,56.1201,101.1636,53.19,89,26,3.13,scattered clouds
680,Hong Gai,VN,20.956,107.0946,87.71,88,100,6.08,overcast clouds
681,Ilulissat,GL,69.2167,-51.1,59.02,38,20,11.5,few clouds
682,High Level,CA,58.5169,-117.136,69.91,73,40,4.61,scattered clouds
683,Louga,RU,58.7372,29.8453,55.22,95,99,4.32,light rain
684,Meadow Lake,US,34.8014,-106.5436,91.54,25,13,4.36,few clouds
685,Oktyabrskiy,RU,54.4815,53.471,67.6,81,100,1.83,overcast clouds
686,Yago,MX,21.8333,-105.0667,83.62,73,99,2.44,overcast clouds
687,Tupanatinga,BR,-8.7533,-37.3397,70.5,74,73,14.23,light rain
688,Antalaha,MG,-14.9003,50.2788,68.02,86,62,9.71,broken clouds
689,Puerto Del Rosario,ES,28.5004,-13.8627,76.75,73,20,20.71,few clouds
690,Bubaque,GW,11.2833,-15.8333,81.32,83,94,11.97,light rain
